path,status,final_path,title,description,canonical,robots,h1,h1_count,jsonld_types,words
/کارآفرینی-a-tribute-to-success/,200,/کارآفرینی-a-tribute-to-success/,"کتاب کارآفرینی 2024 Entrepreneurship: ""A Tribute to Success""","در فصل اول کتاب «به احترام موفقیت یا Entrepreneurship: ""A Tribute to Success""» به روحیه کارآفرینی، سیر تکاملی کارآفرینی و تاثیر کارآفرینی بر جامعه پرداخته شده.",/کارآفرینی-a-tribute-to-success/,"follow, index, max-snippet:-1, max-video-preview:-1, max-image-preview:large",2024 Entrepreneurship: “A Tribute to Success” | کارآفرینی,1,Article BreadcrumbList ImageObject ListItem Person PostalAddress WebPage WebSite,2692
/قیف-فروش-استاندارد/,200,/قیف-فروش-استاندارد/,قیف فروش استاندارد؛ وقتی شکایات مشتری هم جزئی از قیف می شوند,قیف فروش استاندارد با رسیدن به «پرداخت» پایان نمی یابد؛ تجربه واقعی مشتری تازه بعد از پرداخت شکل می‌گیرد، رضایت یا نارضایتی او آینده فروش شما را می‌سازد.,/قیف-فروش-استاندارد/,"follow, index, max-snippet:-1, max-video-preview:-1, max-image-preview:large",قیف فروش هوشمند؛ وقتی شکایات و رضایت مشتری هم جزئی از سیستم می‌شوند!,1,Article BreadcrumbList ImageObject ListItem Person PostalAddress WebPage WebSite,1695
/قیف-فروش-سلطان-قیف/,200,/قیف-فروش-سلطان-قیف/,قیف فروش چیست؟ ساخت سیستم فروش پایدار با کتاب سلطان قیف,با کتاب سلطان قیف یاد بگیرید چگونه قیف فروش حرفه‌ای طراحی کنید، هزینه جذب مشتری را کاهش دهید، نرخ تبدیل را افزایش دهید و یک سیستم فروش پایدار بسازید.,/قیف-فروش-سلطان-قیف/,"follow, index, max-snippet:-1, max-video-preview:-1, max-image-preview:large",قیف فروش چیست؟ ساخت سیستم فروش پایدار با کتاب سلطان قیف,1,Article BreadcrumbList ImageObject ListItem Person PostalAddress WebPage WebSite,1980
/کتاب-سلطان-قیف-funnel-king/,200,/کتاب-سلطان-قیف-funnel-king/,خرید کتاب سلطان قیف | Funnel King انتشار سال 2026,کتاب سلطان قیف راهنمای عملی طراحی قیف فروش، افزایش نرخ تبدیل، کاهش هزینه جذب مشتری و ساخت سیستم فروش پایدار برای کسب‌وکارهاست.,/کتاب-سلطان-قیف-funnel-king/,"follow, index, max-snippet:-1, max-video-preview:-1, max-image-preview:large",سلطان قیف Funnel King,1,Article BreadcrumbList ImageObject ListItem Person PostalAddress WebPage WebSite,2923
/مشاغل-خانگی-زنان-خانه-دار-مشاور-کسب-کار/,200,/مشاغل-خانگی-زنان-خانه-دار-مشاور-کسب-کار/,92 شغل ساده اما پردرآمد از مشاغل خانگی زنان خانه دار - مشاور,می خواهیم پر درآمدترین مشاغل خانگی زنان خانه دار که به دنبال آن ها هستید را در اختیارتان قرار دهیم که توسط تیم تحقیق میلاد بهرامی گردآوری شده اند,/مشاغل-خانگی-زنان-خانه-دار-مشاور-کسب-کار/,"follow, index, max-snippet:-1, max-video-preview:-1, max-image-preview:large",92 شغل ساده اما پردرآمد از مشاغل خانگی زنان خانه دار,1,Article BreadcrumbList ImageObject ListItem Person PostalAddress WebPage WebSite,6028
/نمونه-قرارداد-کاری-متن-حقوقی/,200,/نمونه-قرارداد-کاری-متن-حقوقی/,نمونه قرارداد کاری، آموزش 0 تا 100 نوشتن متن قرارداد حقوقی,آموزش کامل نوشتن قرارداد کاری حرفه‌ای با نمونه متن قرارداد استاندارد! اجزای اصلی قرار داد، نکات کلیدی تنظیم قرارداد، قوانین کار ایران و نکات حقوقی قرارداد,/نمونه-قرارداد-کاری-متن-حقوقی/,"follow, index, max-snippet:-1, max-video-preview:-1, max-image-preview:large",نمونه قرارداد کاری استاندارد، آموزش نوشتن متن قرارداد حقوقی,1,Article BreadcrumbList ImageObject ListItem Person PostalAddress WebPage WebSite,3643
/سیستم-سازی/,200,/سیستم-سازی/,"سیستم‌ سازی انبار با مستر بیزینس, مدیریت هوشمند 1 کسب ‌و کار",تحول فرآیندهای انبارداری با راهکارهای سیستماتیک و سیستم‌ سازی، کاهش خطاهای عملیاتی، بهبود مدیریت موجودی و افزایش بهره‌وری در کسب‌وکارهای تولیدی و بازرگانی.,/سیستم-سازی/,"follow, index, max-snippet:-1, max-video-preview:-1, max-image-preview:large",سیستم‌ سازی فرآیندهای انبار با مستر بیزینس | کاهش خطا به 0 و افزایش بهره‌وری در کسب‌وکار,1,Article BreadcrumbList ImageObject ListItem Person PostalAddress WebPage WebSite,1454
/کوچینگ-سالن-زیبایی/,200,/کوچینگ-سالن-زیبایی/,10 راهکار طلایی و تخصصی کوچینگ سالن زیبایی با مشاور متخصص,ارتقاء سالن زیبایی با این 10 راهکار طلایی کوچینگ. مشاوره کسب و کار، جذب مشتریان و بهبود خدمات با کوچینگ سالن زیبایی تخصصی. موفقیت و رشد پایدار در انتظار شماست!,/کوچینگ-سالن-زیبایی/,"follow, index, max-snippet:-1, max-video-preview:-1, max-image-preview:large",10 راهکار طلایی برای موفقیت با استفاده از کوچینگ سالن زیبایی تخصصی,1,Article BreadcrumbList ImageObject ListItem Person PostalAddress WebPage WebSite,2948
/hamster-kombat/,200,/hamster-kombat/,همستر کامبت و کسب سود بیش از 300 میلیون تومان - میلاد بهرامی,لازم دونستم هر چه سریعتر بیام و بهتون کمک کنم که از این سردرگمی رها بشین و یاد بگیرین روش صحیح پول درآوردن از همستر کامبت و پروژه های شبیه اون چطوری میشه.,/hamster-kombat/,"follow, index, max-snippet:-1, max-video-preview:-1, max-image-preview:large",همستر کامبت و کسب سود بیش از 300 میلیون تومان- میلاد بهرامی,1,Article BreadcrumbList ImageObject ListItem Person PostalAddress WebPage WebSite,1880
/مشاوره-مدیریت-صنعتی-کلید-موفقیت-24-برن/,200,/مشاوره-مدیریت-صنعتی-کلید-موفقیت-24-برن/,مشاوره مدیریت صنعتی:کلید موفقیت 24 برند پیشتاز- میلاد بهرامی,مشاوره مدیریت صنعتی یکی از کلیدی ترین ابزارهای موجود است که می تواند به شرکت‌ها برای رسیدن به بهره‌وری بالا و اهداف استراتژیک خود کمک زیادی کند.در دنیای,/مشاوره-مدیریت-صنعتی-کلید-موفقیت-24-برن/,"follow, index, max-snippet:-1, max-video-preview:-1, max-image-preview:large",مشاوره مدیریت صنعتی: کلید موفقیت 24 برند پیشتاز در بهینه سازی فرایندها,1,Article BreadcrumbList ImageObject ListItem Person PostalAddress WebPage WebSite,2790
/راهنمای-کامل-مطالعه-امکان-سنجی-کسب-و-کا/,200,/راهنمای-کامل-مطالعه-امکان-سنجی-کسب-و-کا/,مطالعه امکان سنجی کسب و کار - راهنمای کامل و 30 نکته کلیدی,مطالعه امکان سنجی کسب و کار یا (Feasibility Study) به ارزیابی قابلیت اجرایی و سودآوری یک پروژه می پردازد. این مطالعات به مدیران، تصمیم‌گیران و سرمایه گذاران,/راهنمای-کامل-مطالعه-امکان-سنجی-کسب-و-کا/,"follow, index, max-snippet:-1, max-video-preview:-1, max-image-preview:large",راهنمای کامل و ۳۰ نکته کلیدی مطالعه امکان سنجی کسب و کار – میلاد بهرامی مشاور کسب و کار,1,Article BreadcrumbList ImageObject ListItem Person PostalAddress WebPage WebSite,3137
/نکته-علی-بابا-خرید-سایت-alibaba-پرفروشترین-۲۰/,200,/نکته-علی-بابا-خرید-سایت-alibaba-پرفروشترین-۲۰/,"۱۰ نکته خرید از علی بابا (Alibaba), پرفروش‌ترین کالای 2024",سایت علی بابا (Alibaba) یکی از بزرگ‌ترین و معتبرترین پلتفرم‌های تجارت الکترونیک در جهان است. در ادامه به بررسی نکات مهم و پرفروش‌ترین کالاهای 2024 می پردازیم.,/نکته-علی-بابا-خرید-سایت-alibaba-پرفروشترین-۲۰/,"follow, index, max-snippet:-1, max-video-preview:-1, max-image-preview:large","۱۰ نکته خرید از علی بابا (Alibaba), پرفروش‌ترین کالای 2024",1,Article BreadcrumbList ImageObject ListItem Person PostalAddress WebPage WebSite,2152
/داستان-مدیریتی-مدیران-کاریزماتیک-1001/,200,/داستان-مدیریتی-مدیران-کاریزماتیک-1001/,داستان مدیریتی، 1001 داستان کوتاه برای مدیران کاریزماتیک,داستان مدیریتی ساتیا نادلا در سال 2014 به عنوان مدیرعامل مایکروسافت آغاز شد. در آغاز کار ساتیا، شرکت با چالش های زیادی روبه رو بود. رقبای شرکت زیاد شده بودند,/داستان-مدیریتی-مدیران-کاریزماتیک-1001/,"follow, index, max-snippet:-1, max-video-preview:-1, max-image-preview:large",داستان مدیریتی، 1001 داستان کوتاه و تاثیرگذار برای مدیریت پرسنل,1,Article BreadcrumbList ImageObject ListItem Person PostalAddress WebPage WebSite,1260
/تاجر-موفق-how-to-be-great-bussinessman/,200,/تاجر-موفق-how-to-be-great-bussinessman/,6 راز تبدیل شدن به یک تاجر موفق - مشاور کسب و کار,به عنوان یک تاجر موفق حواستان به دخل و خرجتان باشد و از ابزار خوش حسابی به عنوان یک وسیله مناسب برای جلب اعتماد طرف مقابل استفاده کنید.,/تاجر-موفق-how-to-be-great-bussinessman/,"follow, index, max-snippet:-1, max-video-preview:-1, max-image-preview:large",چگونه می توانم یک تاجر موفق شوم؟,1,Article BreadcrumbList ImageObject ListItem Person PostalAddress WebPage WebSite,1911
/7-راه-انتخاب-بهترین-مشاور-کسب-و-کار-ایرا/,200,/7-راه-انتخاب-بهترین-مشاور-کسب-و-کار-ایرا/,7 راه برای انتخاب بهترین مشاور کسب و کار در ایران,کسب و کارهای زیادی به دلیل نداشتن یک مشاور حرفه ای کسب و کار با ورشکستگی یا مشکلات جدی مواجه می‌شوند. انتخاب بهترین مشاور کسب و کار یکی از راه‌های موثر برای رشد,/7-راه-انتخاب-بهترین-مشاور-کسب-و-کار-ایرا/,"follow, index, max-snippet:-1, max-video-preview:-1, max-image-preview:large",7 راه برای انتخاب بهترین مشاور کسب و کار در ایران,1,Article BreadcrumbList ImageObject ListItem Person PostalAddress WebPage WebSite,3214
/80-کارآفرینان-نکات-توسعه-کسب-و-کار-را-نمی/,200,/80-کارآفرینان-نکات-توسعه-کسب-و-کار-را-نمی/,80% کارآفرینان این نکات توسعه کسب و کار را نمی دانند!!!!!!!!,قصد داریم نکات کلیدی را بررسی کنیم که شاید کمتر در دستور کار مشاوره توسعه کسب و کار قرار می‌گیرد؛ اما برای رشد و پیشرفت کسب‌و‌کار فوق‌العاده مهم هستند,/80-کارآفرینان-نکات-توسعه-کسب-و-کار-را-نمی/,"follow, index, max-snippet:-1, max-video-preview:-1, max-image-preview:large",80% کارآفرینان این نکات عارضه یابی و توسعه کسب و کار را نمی دانند!,1,Article BreadcrumbList ImageObject ListItem Person PostalAddress WebPage WebSite,1891
/۱۰-استراتژی-مشاور-مدیریت-کسب-و-کار/,200,/۱۰-استراتژی-مشاور-مدیریت-کسب-و-کار/,10 استراتژی مهم مشاور مدیریت کسب و کار برای صاحبان مشاغل,هر رهبر بزرگی در کسب و کار خود نیاز به یک مشاور مدیریت کسب و کار قابل اعتماد دارد؛ کسی که بتواند دیدگاه‌های جدیدی ارائه دهد و به شما در تصمیم گیری کمک کند.,/۱۰-استراتژی-مشاور-مدیریت-کسب-و-کار/,"follow, index, max-snippet:-1, max-video-preview:-1, max-image-preview:large",10 استراتژی مهم مشاور مدیریت کسب و کار برای صاحبان مشاغل,1,Article BreadcrumbList ImageObject ListItem Person PostalAddress WebPage WebSite,1835
/انتخاب-کوچ-و-مشاوره-کسب-و-کار-در-شیراز/,200,/انتخاب-کوچ-و-مشاوره-کسب-و-کار-در-شیراز/,5 دلیل برای انتخاب کوچ و مشاوره کسب و کار در شیراز - تلفنی,آیا می دانید که مشاوره کسب و کار در شیراز یکی از مهمترین عوامل موفقیت کسب و کارهای قدرتمند این شهر است؟ بسیاری از کارآفرینان و صاحبان کسب و کار از این فرصت,/انتخاب-کوچ-و-مشاوره-کسب-و-کار-در-شیراز/,"follow, index, max-snippet:-1, max-video-preview:-1, max-image-preview:large",5 دلیل برای انتخاب کوچ و مشاوره کسب و کار در شیراز – با یک تماس تلفنی ساده,1,Article BreadcrumbList ImageObject ListItem Person PostalAddress WebPage WebSite,2205
/کسب-و-کار-متناسب-با-اقتصاد-ایران-سال-1403/,200,/کسب-و-کار-متناسب-با-اقتصاد-ایران-سال-1403/,کسب و کار متناسب با توجه به شرایط اقتصادی ایران در سال 1403,کسب و کارها را می توانیم از زوایای مختلف دسته بندی کنیم. اما یکی از دسته بندی های کلی شامل کسب و کارهای خدمات محور و کسب و کارهای تولید محور می باشد.,/کسب-و-کار-متناسب-با-اقتصاد-ایران-سال-1403/,"follow, index, max-snippet:-1, max-video-preview:-1, max-image-preview:large",کسب و کار متناسب با توجه به شرایط اقتصادی ایران در سال 1403,1,Article BreadcrumbList ImageObject ListItem Person PostalAddress WebPage WebSite,2057
/4-عامل-موثر-بر-استراتژی-قیمت-گذاری-برای/,200,/4-عامل-موثر-بر-استراتژی-قیمت-گذاری-برای/,4 عامل موثر بر استراتژی قیمت گذاری برای بازارهای رقابتی و انحصاری - میلاد بهرامی مشاور کسب و کار و توسعه,استراتژی قیمت گذاری یکی از مهم‌ترین عوامل تعیین کننده موفقیت یا شکست یک کسب و کار است. استراتژی قیمت گذاری به معنای تعیین قیمت مناسب برای محصولات یا خدمات یک,/4-عامل-موثر-بر-استراتژی-قیمت-گذاری-برای/,"follow, index, max-snippet:-1, max-video-preview:-1, max-image-preview:large",4 عامل موثر بر استراتژی قیمت گذاری برای بازارهای رقابتی و انحصاری,1,Article BreadcrumbList ImageObject ListItem Person PostalAddress WebPage WebSite,2095
/5-استراتژی-رقابت-در-بازار-رقابتی/,200,/5-استراتژی-رقابت-در-بازار-رقابتی/,5 استراتژی رقابت در بازار رقابتی - مشاور کسب و کار,مهمترین چالش‌شرکت‌ها پس از شکل گیری و به ثبات رسیدن فرایند سازمانی آن ها رقابت در بازار و نداشتن یک استراتژی رقابت در بازار است.,/5-استراتژی-رقابت-در-بازار-رقابتی/,"follow, index, max-snippet:-1, max-video-preview:-1, max-image-preview:large",5 استراتژی رقابت در بازار رقابتی – مشاور کسب و کار,1,Article BreadcrumbList ImageObject ListItem Person PostalAddress WebPage WebSite,1457
/راه-اندازی-کسب-و-کار-با-مشاور-کسب-و-کار/,200,/راه-اندازی-کسب-و-کار-با-مشاور-کسب-و-کار/,8 گام مهم برای راه اندازی کسب و کار از نگاه مشاور کسب و کار,اولین گام برای راه اندازی کسب و کار، شکل گیری ایده تجاری است. ایده تجاری پاسخی است به یکی از نیازها یا مشکلات مشتریان شما.  برای شکل گیری ایده تجاری، شما باید:,/راه-اندازی-کسب-و-کار-با-مشاور-کسب-و-کار/,"follow, index, max-snippet:-1, max-video-preview:-1, max-image-preview:large",8 گام مهم برای راه اندازی کسب و کار از نگاه مشاور کسب و کار,1,Article BreadcrumbList ImageObject ListItem Person PostalAddress WebPage WebSite,1999
/25-نکته-کلیدی-مشاوره-مدیریت-منابع-انسانی/,200,/25-نکته-کلیدی-مشاوره-مدیریت-منابع-انسانی/,25 نکته کلیدی برای مشاوره مدیریت منابع انسانی - میلاد بهرامی,مدیریت منابع انسانی یکی از مهمترین عوامل موفقیت هر سازمان است. مشاوره مدیریت منابع انسان نیز یکی از نیازهای پایه هر مدیر منابع انسانی به شمار می آید. مدیر,/25-نکته-کلیدی-مشاوره-مدیریت-منابع-انسانی/,"follow, index, max-snippet:-1, max-video-preview:-1, max-image-preview:large",25 نکته کلیدی درباره مدیریت منابع انسانی – میلاد بهرامی,1,Article BreadcrumbList ImageObject ListItem Person PostalAddress WebPage WebSite,3789
/تلفن-ابری/,200,/تلفن-ابری/,تلفن ابری، نسل نوین ارتباطات در سرویس دهی و مدیریت کسب و کار,نواتل تنها سرویس ارتباطات یکپارچه تلفن ابری با اپلیکیشن اختصاصی و بدون محدودیت در ایران است که به کمک آن می‌توانید تمام مکالمات را مدیریت و با همکاران و,/تلفن-ابری/,"follow, index, max-snippet:-1, max-video-preview:-1, max-image-preview:large",تلفن ابری، نسل نوین ارتباطات در سرویس دهی و مدیریت کسب و کار,1,Article BreadcrumbList ImageObject ListItem Person PostalAddress WebPage WebSite,1148
/حسابداری-ابری/,200,/حسابداری-ابری/,سیستم حسابداری ابری انقلابی در توسعه کسب و کارها سال 1403,سیستم حسابداری ابری به کسب‌وکارها این قدرت را می‌دهد که امور مالی خود را از هر نقطه‌ای به صورت مؤثر نظارت، کنترل و ارزیابی کنند.,/حسابداری-ابری/,"follow, index, max-snippet:-1, max-video-preview:-1, max-image-preview:large",سیستم حسابداری ابری؛ راهکاری پیشگام برای انقلابی در توسعه کسب‌وکارها سال 1403,1,Article BreadcrumbList ImageObject ListItem Person PostalAddress WebPage WebSite,859
/10-قدم-عارضه-یابی-کسب-و-کار/,200,/10-قدم-عارضه-یابی-کسب-و-کار/,10 قدم مهم و اصولی برای عارضه یابی کسب و کار. میلاد بهرامی,برای انجام عارضه یابی کسب و کار، می‌توانید از روش‌های مختلفی استفاده کنید که در زیر به چند روش مهم اشاره می‌کنم :,/10-قدم-عارضه-یابی-کسب-و-کار/,"follow, index, max-snippet:-1, max-video-preview:-1, max-image-preview:large",10 قدم مهم و اصولی برای عارضه یابی کسب و کار,1,Article BreadcrumbList ImageObject ListItem Person PostalAddress WebPage WebSite,1783
/forex-or-crypto/,200,/forex-or-crypto/,بازار ارز دیجیتال برای سرمایه گذاری بهتر است یا بازار فارکس؟,در ادامه به مزایا و معایب هر یک از بازار ارز دیجیتال و فارکس پرداخته می‌شود تا به شما کمک کند تا تصمیم بهتری برای سرمایه گذاری بگیرید.,/forex-or-crypto/,"follow, index, max-snippet:-1, max-video-preview:-1, max-image-preview:large",بازار ارز دیجیتال برای سرمایه گذاری بهتر است یا بازار فارکس؟,1,Article BreadcrumbList ImageObject ListItem Person PostalAddress WebPage WebSite,874
/best-management-model/,200,/best-management-model/,الگوی مدیریت بهبود عملکرد شرکت های ایرانی - میلاد بهرامی,در این مقاله، بهترین الگوی مدیریت را بررسی خواهیم کرد و نحوه اثرگذاری آنها در بهبود عملکرد سازمانی را تشریح خواهیم کرد.,/best-management-model/,"follow, index, max-snippet:-1, max-video-preview:-1, max-image-preview:large",بهترین الگوی مدیریت: راهی برای بهبود عملکرد سازمانی شرکت های ایرانی,1,Article BreadcrumbList ImageObject ListItem Person PostalAddress WebPage WebSite,1285
/direct/,200,/direct/,باشگاه مشتریان دایرکت - میلاد بهرامی مشاور کسب و کار و توسعه,با استفاده از باشگاه مشتریان دایرکت می‌توان خدماتی همچون تبریک تولد، تخفیف، نظرسنجی و غیره را به مشتریان ارائه نمود و از این طریق مشتریان وفادارتری داشت,/direct/,"follow, index, max-snippet:-1, max-video-preview:-1, max-image-preview:large",باشگاه مشتریان دایرکت,1,Article BreadcrumbList ImageObject ListItem Person PostalAddress WebPage WebSite,1148
/,200,/,بهترین مشاور کسب و کار با +95% رضایت مشتری - میلاد بهرامی,میلاد بهرامی، که نام او در کتاب بین‌المللی «Entrepreneurship: A Tribute to Success» ذکر شده، از نگاه بسیاری به عنوان بهترین مشاور کسب و کار ایران شناخته می‌شود.,/,"follow, index, max-snippet:-1, max-video-preview:-1, max-image-preview:large",مشاور سیستم‌سازی و تحول سازمانی,1,CollegeOrUniversity ImageObject Organization Person PostalAddress ProfessionalService SearchAction WebPage WebSite,1955
/رویدادها/مکان-ها/,200,/رویدادها/مکان-ها/,مکان ها - میلاد بهرامی مشاور کسب و کار و توسعه,مکان‌های همکاری و مشاوره میلاد بهرامی؛ آدرس و اطلاعات دفاتر و محل برگزاری جلسات مشاوره کسب و کار.,/رویدادها/مکان-ها/,"follow, index, max-snippet:-1, max-video-preview:-1, max-image-preview:large",مکان ها,1,BreadcrumbList ListItem,285
/رویدادها/,200,/رویدادها/,رویدادها - میلاد بهرامی مشاور کسب و کار و توسعه,رویدادها و همایش‌های آموزشی میلاد بهرامی، مشاور کسب و کار؛ اطلاعات دوره‌ها و نشست‌های تخصصی توسعه کسب‌وکار.,/رویدادها/,"follow, index, max-snippet:-1, max-video-preview:-1, max-image-preview:large",رویدادها,1,BreadcrumbList ListItem,283
/blog/,200,/blog/,مقالات مشاوره کسب و کار | وبلاگ میلاد بهرامی,مقالات مشاوره کسب و کار میلاد بهرامی؛ راهکارهای عملی توسعه کسب‌وکار، فروش، بازاریابی و مدیریت سازمانی برای صاحبان کسب‌وکار.,/blog/,"follow, index, max-snippet:-1, max-video-preview:-1, max-image-preview:large",دانشنامه‌ی سیستم‌سازی,1,BreadcrumbList CollectionPage ImageObject ListItem Person PostalAddress WebSite,830
/مشاور-کسب-و-کار-حرفه-ای-سازمان-های-پیشرو/,200,/مشاور-کسب-و-کار-حرفه-ای-سازمان-های-پیشرو/,سازمان های پیشرو ایران ۲۰۲۴، مشاور حرفه ای ترین کسب و کارها,میلاد بهرامی که از او با عنوان یک مشاور کسب و کار حرفه‌ای یاد می‌شود عضو هیئت علمی سازمان های پیشرو ایران بوده و مدیر دپارتمان نوآوری و توسعه کسب و کار می‌باشد.,/مشاور-کسب-و-کار-حرفه-ای-سازمان-های-پیشرو/,"follow, index, max-snippet:-1, max-video-preview:-1, max-image-preview:large",سازمان های پیشرو ایران,1,BreadcrumbList ListItem,1389
/میلاد-بهرامی-مشاور-عارضه-یابی-توسعه/,200,/میلاد-بهرامی-مشاور-عارضه-یابی-توسعه/,میلاد بهرامی- مشاور عارضه یابی و توسعه بیش از 42 کسب و کار,من، میلاد بهرامی، مشاور برنامه ریزی کسب و کار در شیراز با سال ها تجربه علمی، تحقیقاتی و فنی در صنایع مختلف تولیدی و خدماتی در کنار شما هستم تا در بازار بدرخشید.,/میلاد-بهرامی-مشاور-عارضه-یابی-توسعه/,"follow, index, max-snippet:-1, max-video-preview:-1, max-image-preview:large",میلاد بهرامی,1,AboutPage BreadcrumbList CollegeOrUniversity ImageObject ListItem Organization Person PostalAddress ProfessionalService WebSite,1942
/مشاوره-کسب-و-کار/,200,/مشاوره-کسب-و-کار/,مشاوره کسب و کار | ۳ روش آنلاین، تلفنی، حضوری | میلاد بهرامی,مشاوره کسب و کار توسط میلاد بهرامی مشاور ارشد کسب و کار | حوزه های اصلی: مدیریت، CRM، راه اندازی کسب و کار، دیجیتال مارکتینگ، صنعتی، طرح توجیهی کسب و کار,/مشاوره-کسب-و-کار/,"follow, index, max-snippet:-1, max-video-preview:-1, max-image-preview:large",مشاوره کسب‌وکار,1,BreadcrumbList ContactPage ImageObject ListItem PostalAddress WebSite,2623
/مشاوره-حقوقی-زهره-بهرامی-وکیل-پایه-یک/,200,/مشاوره-حقوقی-زهره-بهرامی-وکیل-پایه-یک/,مشاوره حقوقی با زهره بهرامی وکیل با بیش از 90% پرونده موفق,زهره بهرامی، وکیل پایه یک دادگستری و مشاور حقوقی با سال‌ها تجربه و تخصص در زمینه‌های مختلف حقوقی، آماده ارائه خدمات مشاوره حقوقی و وکالت به شماست.,/مشاوره-حقوقی-زهره-بهرامی-وکیل-پایه-یک/,"follow, index, max-snippet:-1, max-video-preview:-1, max-image-preview:large",مشاوره حقوقی,1,BreadcrumbList ImageObject ListItem Person PostalAddress WebPage WebSite,1187
/وفادارسازی-مشتریان-باشگاه-شیراز-میلا/,200,/وفادارسازی-مشتریان-باشگاه-شیراز-میلا/,مشاوره 100% تخصصی وفادارسازی مشتریان در شیراز - میلاد بهرامی,راه اندازی باشگاه وفادارسازی مشتریان در شیراز به صورت اختصاصی، برنامه ریزی جهت افزایش درآمد با مشاوره شیوه های سرمایه گذاری در افزایش طول عمر مشتری در کسب و کار,/وفادارسازی-مشتریان-باشگاه-شیراز-میلا/,"follow, index, max-snippet:-1, max-video-preview:-1, max-image-preview:large",وفادارسازی,1,BreadcrumbList ListItem,1559
/portfolio/مشاوره-و-منتورینگ-بیزینس-پلن-استارتاپ/,200,/portfolio/مشاوره-و-منتورینگ-بیزینس-پلن-استارتاپ/,مشاوره و منتورینگ طراحی بیزینس پلن استارتاپ بستی باس,مشاوره و منتورینگ طراحی بیزینس پلن استارتاپ بستی باس به عنوان یک پلتفرم آنلاین معرفی بهترین های هر کسب و کار در شهرهای مختلف ایران,/portfolio/مشاوره-و-منتورینگ-بیزینس-پلن-استارتاپ/,"follow, index, max-snippet:-1, max-video-preview:-1, max-image-preview:large",مشاوره و منتورینگ طراحی بیزینس پلان استارتاپ بستی باس,1,BreadcrumbList ListItem,342
/portfolio/مدیریت-شرکت-اکسیر-تجارت-امین/,200,/portfolio/مدیریت-شرکت-اکسیر-تجارت-امین/,مدیریت شرکت مدیریت هوشمند کسب و کار، اکسیر تجارت امین,شرکت اکسیر تجارت امین به آدرس وبسایت eta.co.ir در زمینه ارائه راهکارهای هوشمند مدیریت کسب و کار از قبیل ERP و CRM فعالیت می کند.,/portfolio/مدیریت-شرکت-اکسیر-تجارت-امین/,"follow, index, max-snippet:-1, max-video-preview:-1, max-image-preview:large",مدیریت شرکت راهکارهای هوشمند مدیریت کسب و کار اکسیر تجارت امین,1,BreadcrumbList ListItem,760
/portfolio/مرکز-دوربین-مداربسته-پارس/,200,/portfolio/مرکز-دوربین-مداربسته-پارس/,مرکز دوربین مداربسته پارس - میلاد بهرامی مشاور کسب و کار و توسعه,مرکز دوربین مداربسته پارس نمایندگی اصلی و انحصاری دوربین مداربسته برایتون در شیراز به آدرس اینترنتی parsdmb.ir,/portfolio/مرکز-دوربین-مداربسته-پارس/,"follow, index, max-snippet:-1, max-video-preview:-1, max-image-preview:large",مرکز دوربین مداربسته پارس,1,BreadcrumbList ListItem,328
/portfolio/مشاوره-و-سرمایه-گذاری-صادرات-عسل-آیناس/,200,/portfolio/مشاوره-و-سرمایه-گذاری-صادرات-عسل-آیناس/,مشاوره و سرمایه گذاری در محصولات صادراتی عسل آیناس و همیشار,عسل آیناس و همیشار در برند با کیفیت عسل ایرانی هستند که در بازار امارات به فروش می رسند و سهم کمی از بازار خود را به بازار محلی ایران اختصاص داده اند.,/portfolio/مشاوره-و-سرمایه-گذاری-صادرات-عسل-آیناس/,"follow, index, max-snippet:-1, max-video-preview:-1, max-image-preview:large",مشاوره و سرمایه گذاری در محصولات صادراتی عسل آیناس و همیشار,1,BreadcrumbList ListItem,354
/portfolio/مشاوره-و-کوچینگ-سالن-زیبایی-خاطره/,200,/portfolio/مشاوره-و-کوچینگ-سالن-زیبایی-خاطره/,مشاوره و کوچینگ راه اندازی و توسعه سالن زیبایی خاطره شیراز,مشاوره و کوچینگ راه اندازی و توسعه سالن زیبایی خاطره شیراز از مرحله طراحی ایده و ایجاد بیزینس پلن تا مرحله رشد و توسعه در بازار رقابتی,/portfolio/مشاوره-و-کوچینگ-سالن-زیبایی-خاطره/,"follow, index, max-snippet:-1, max-video-preview:-1, max-image-preview:large",مشاوره و کوچینگ راه اندازی و توسعه سالن زیبایی خاطره شیراز,1,BreadcrumbList ListItem,349
/portfolio/مشاوره-و-کوچینگ-عرفان-نت/,200,/portfolio/مشاوره-و-کوچینگ-عرفان-نت/,مشاوره و کوچینگ حوزه تصمیم گیری سازمانی مجموعه عرفان نت,مشاوره و کوچینگ تصمیم گیری سازمانی و مدیریت منابع انسانی در هلدینگ عرفان نت به منظور توسعه بازار و سیستم سازی جهت توسعه بازار,/portfolio/مشاوره-و-کوچینگ-عرفان-نت/,"follow, index, max-snippet:-1, max-video-preview:-1, max-image-preview:large",مشاوره و کوچینگ حوزه تصمیم گیری سازمانی مجموعه عرفان نت,1,BreadcrumbList ListItem,343
/portfolio/مشاوره-به-تیم-فروش-برند-پوشینو/,200,/portfolio/مشاوره-به-تیم-فروش-برند-پوشینو/,مشاوره به تیم فروش برند پوشینو تولیدکننده پوشاک در شیراز,مشاوره به تیم فروش برند پوشینو تولیدکننده پوشاک در شیراز جهت ارتقا توانمندی پرسنل فروش مجموعه و برنامه ریزی توسعه شعب و فرانچایز,/portfolio/مشاوره-به-تیم-فروش-برند-پوشینو/,"follow, index, max-snippet:-1, max-video-preview:-1, max-image-preview:large",مشاوره به تیم فروش برند پوشینو تولیدکننده پوشاک در شیراز,1,BreadcrumbList ListItem,345
/portfolio/مشاوره-و-منتورینگ-ستاد-فناوری-نانو/,200,/portfolio/مشاوره-و-منتورینگ-ستاد-فناوری-نانو/,مشاوره و منتورینگ در ستاد فناوری نانو به تیم المپیاد ایران,مشاوره و منتورینگ تیم المپیاد دانشجویی ایران برای شرکت در مسابقات بین المللی نانو در ستاد فناوری نانو مستقر در دانشگاه صنعتی شریف در سال ۱۳۹۶,/portfolio/مشاوره-و-منتورینگ-ستاد-فناوری-نانو/,"follow, index, max-snippet:-1, max-video-preview:-1, max-image-preview:large",مشاوره و منتورینگ در ستاد فناوری نانو به اعضا تیم المپیاد نانو ایران,1,BreadcrumbList ListItem,324
/portfolio/مشاوره-به-واحد-فناوری-اطلاعات-آستان-قد/,200,/portfolio/مشاوره-به-واحد-فناوری-اطلاعات-آستان-قد/,مشاوره به واحد فناوری اطلاعات آستان قدس رضوی در حوزه بلاکچین,مشاوره تخصصی به امکان بهره برداری از فناوری بلاکچین و کریپتوگرافی در زمینه های مختلف فعالیت آستان قدس رضوی در سال ۱۳۹۹ در شهر مشهد,/portfolio/مشاوره-به-واحد-فناوری-اطلاعات-آستان-قد/,"follow, index, max-snippet:-1, max-video-preview:-1, max-image-preview:large",مشاوره به واحد فناوری اطلاعات آستان قدس رضوی,1,BreadcrumbList ListItem,319
/faq/all/,200,/faq/all/,سوالات متداول - میلاد بهرامی مشاور کسب و کار و توسعه,پاسخ پرسش‌های پرتکرار درباره‌ی مشاوره کسب‌وکار، عارضه‌یابی و سیستم‌سازی سازمانی.,/faq/all/,"follow, index, max-snippet:-1, max-video-preview:-1, max-image-preview:large",سوالات متداول,1,Answer BreadcrumbList CollectionPage FAQPage ImageObject ListItem Person PostalAddress Question WebSite,721
/faq/مشاوره-کسب-و-کار-از-صفر-تا-100/,200,/faq/مشاوره-کسب-و-کار-از-صفر-تا-100/,فرایند مشاوره کسب و کار سازمانی از 0 تا 100 چگونه است؟,مشاوره کسب و کار عموما مربوط به تمام افرادی می شود که می خواهند به صورت مستقل یا در قالب یک شرکت به کسب درآمد بپردازند.,/faq/مشاوره-کسب-و-کار-از-صفر-تا-100/,"follow, index, max-snippet:-1, max-video-preview:-1, max-image-preview:large",فرایند مشاوره کسب و کار سازمانی از 0 تا 100 چگونه است؟,1,BreadcrumbList ListItem,742
/توسعه-کسب-و-کار/,200,/توسعه-کسب-و-کار/,مشاوره عارضه یابی و توسعه کسب و کار در شیراز با میلاد بهرامی,,/توسعه-کسب-و-کار/,"follow, index, max-snippet:-1, max-video-preview:-1, max-image-preview:large",توسعه کسب و کار,1,BreadcrumbList CollectionPage ImageObject ListItem Person PostalAddress WebSite,785
/our-colleagues/,200,/our-colleagues/,همکاران ما - میلاد بهرامی مشاور کسب و کار و توسعه,,/our-colleagues/,"follow, index, max-snippet:-1, max-video-preview:-1, max-image-preview:large",همکاران ما,1,BreadcrumbList CollectionPage ImageObject ListItem Person PostalAddress WebSite,429
/داستان-های-مدیریتی-2024-ارتقا-سازمان/,200,/داستان-های-مدیریتی-2024-ارتقا-سازمان/,داستان های مدیریتی تاثیرگذار برای ارتقا سطح سازمان 2024,این داستان های مدیریتی به مدیران و صاحبان کسب و کار کمک می کند تا بتوانند تیمی همدل بسازند و به مدیران کاریزماتیک و تاثیرگذار در سازمان تبدیل شوند.,/داستان-های-مدیریتی-2024-ارتقا-سازمان/,"follow, index, max-snippet:-1, max-video-preview:-1, max-image-preview:large",داستان مدیریتی لازم برای تغییر فرهنگ سازمانی,1,BreadcrumbList CollectionPage ImageObject ListItem Person PostalAddress WebSite,389
